{
  "metadata": [
    {
      "src": [
        { 
          "src": "../Sources",
          "files": [
            "Microcharts.Shared/**/**.cs",
            "Microcharts.Forms/**/**.cs",
            "Microcharts.Droid/**/**.cs",
            "Microcharts.iOS/**/**.cs",
            "Microcharts.macOS/**/**.cs",
            "Microcharts.Uwp/**/**.cs"
          ],
          "exclude": [
            "**/obj/**",
            "_site/**",
            "Microcharts.Droid/Resources/**"
          ]
        }
      ],
      "dest": "api"
    }
  ],
  "build": {
    "content": [
      {
        "files": [
          "api/**.yml",
          "api/index.md"
        ]
      },
      {
        "files": [
          "guides/**.md",
          "guides/**/toc.yml",
          "samples/**.md",
          "samples/**/toc.yml",
          "toc.yml",
          "*.md"
        ],
        "exclude": [
          "obj/**",
          "_site/**"
        ]
      }
    ],
    "resource": [
      {
        "files": [
          "images/**"
        ],
        "exclude": [
          "obj/**",
          "_site/**"
        ]
      }
    ],
    "overwrite": [
      {
        "files": [
          "apidoc/**.md"
        ],
        "exclude": [
          "obj/**",
          "_site/**"
        ]
      }
    ],
    "dest": "_site",
    "globalMetadataFiles": [],
    "fileMetadataFiles": [],
    "template": [
      "default"
    ],
    "postProcessors": [],
    "noLangKeyword": false,
    "keepFileLink": false,
    "cleanupCacheHistory": false
  }
}